Product name,Category,Option,Brand,Sold by,Country of Manufacture,Express Shipping,Return Policy,Warranty,Image URL,Price,Special price,Discount,Quantity,Description,Availability,Product link
Bakea Chocolate Chips,Baking Ingredients,95 gm,Bakea,HumMart,N/A,Yes,3 Day Return and Exchange,Not Applicable,https://hummart.com/media/catalog/product/h/t/httpphpstack-299729-917918.cloudwaysapps.comimages6904542109413.jpg,Rs 140 | Exact price: 140.0000 PKR,,false,3,,1,https://hummart.com/bakea-chocolate-chips-95-gm.html
Rafhan Strawberry Jelly,Noodles Sauces & Frozen Foods,80 gm,Rafhan,HumMart,Pakistan,Yes,3 Day Return and Exchange,Not Applicable,https://hummart.com/media/catalog/product/s/t/strawberry_jell.jpg,Rs 65 | Exact price: 65.0000 PKR,,false,53,Garnish your Rafhan custard with Rafhan crystal jelly. Strawberry custard topped with strawberry jelly is a must have!,1,https://hummart.com/rafhan-strawberry-jelly-80-gm.html
Lesaffre Saf-Instant Yeast Pack,Baking Ingredients,500 gm,Lesaffre,HumMart,N/A,Yes,3 Day Return and Exchange,Not Applicable,https://hummart.com/media/catalog/product/h/t/httpphpstack-299729-917918.cloudwaysapps.comimages3267794000006.jpg,Rs 599 | Exact price: 599.0000 PKR,,false,16,,1,https://hummart.com/lesaffre-saf-instant-yeast-pack-500-gm.html
Bicarbonate Soda (Meetha Soda),Baking Ingredients,200 gm,A&S,HumMart,Pakistan,Yes,3 Day Return and Exchange,Not Applicable,https://hummart.com/media/catalog/product/h/t/httpphpstack-143539-415191.cloudwaysapps.commedia10067.jpg,Rs 30 | Exact price: 30.0000 PKR,,false,12,,1,https://hummart.com/bicarbonate-soda-meetha-soda-200-gm.html
Carte D'Or Strawbrry Topping,Baking Ingredients,1.28kg,Carte Dor,HumMart,N/A,Yes,3 Day Return and Exchange,Not Applicable,https://hummart.com/media/catalog/product/h/t/httpphpstack-143539-415191.cloudwaysapps.commedia8961014004403.jpg,Rs 796 | Exact price: 799.0000 PKR,796.0000,true,1,,1,https://hummart.com/carte-dor-strawbrry-topping-1-28kg.html
The Earth'S Gluten FREE Xanthan Gum Pouch,Baking Ingredients,250 gm,The Earth's,HumMart,N/A,Yes,3 Day Return and Exchange,Not Applicable,https://hummart.com/media/catalog/product/h/t/httpphpstack-299729-917918.cloudwaysapps.comimages8964000717660.jpg,"Rs 1,037 | Exact price: 1055.0000 PKR",1037.0000,true,2,,1,https://hummart.com/the-earth-s-gluten-free-xanthan-gum-pouch-250-gm.html
Rossmoor Chocolate Dessert,Baking Ingredients,90 gm,Rossmor,HumMart,Pakistan,Yes,3 Day Return and Exchange,Not Applicable,https://hummart.com/media/catalog/product/h/t/httpphpstack-143539-415191.cloudwaysapps.commedia6281014440073.jpg,Rs 70 | Exact price: 70.0000 PKR,,false,8,,1,https://hummart.com/rossmoor-chocolate-dessert-90-gm.html
Carte D'Or Chocolate Topping,Baking Ingredients,1.20kg,Carte Dor,HumMart,N/A,Yes,3 Day Return and Exchange,Not Applicable,https://hummart.com/media/catalog/product/h/t/httpphpstack-143539-415191.cloudwaysapps.commedia8961014194807.jpg,Rs 850 | Exact price: 850.0000 PKR,,false,4,,1,https://hummart.com/carte-dor-chocolate-topping-1-20kg.html
Mother Choice Baking Soda,Baking Ingredients,100 gm,Mother Choice,HumMart,Pakistan,Yes,3 Day Return and Exchange,Not Applicable,https://hummart.com/media/catalog/product/h/t/httpphpstack-143539-415191.cloudwaysapps.commedia6415009004463.jpg,Rs 59 | Exact price: 59.0000 PKR,,false,14,,1,https://hummart.com/mother-choice-baking-soda-100-gm.html
Italiano Baking Powder Box,Baking Ingredients,1kg,Italiano,HumMart,N/A,Yes,3 Day Return and Exchange,Not Applicable,https://hummart.com/media/catalog/product/h/t/httpphpstack-299729-917918.cloudwaysapps.comimages8964000717462.jpg,Rs 368 | Exact price: 368.0000 PKR,,false,1,,1,https://hummart.com/italiano-baking-powder-box-1kg.html
Rossmor Instant Coconut Milk Powder,Baking Ingredients,50 gm,Rossmor,HumMart,Pakistan,Yes,3 Day Return and Exchange,Not Applicable,https://hummart.com/media/catalog/product/h/t/httpphpstack-143539-415191.cloudwaysapps.commedia6281016807256.jpg,Rs 69 | Exact price: 69.0000 PKR,,false,37,,1,https://hummart.com/rossmor-instant-coconut-milk-powder-50gm.html
Rossmor Imported Instant Yeast Box 11G Each,Baking Ingredients,3 Pcs,Rossmor,HumMart,Pakistan,Yes,3 Day Return and Exchange,Not Applicable,https://hummart.com/media/catalog/product/h/t/httpphpstack-143539-415191.cloudwaysapps.commedia6071221000944.jpg,Rs 84 | Exact price: 84.0000 PKR,,false,1,,1,https://hummart.com/rossmor-imported-instant-yeast-box-11g-each-3-pcs.html
Rossmor Baking Powder Fancy Jar,Baking Ingredients,100 gm,Rossmor,HumMart,Pakistan,Yes,3 Day Return and Exchange,Not Applicable,https://hummart.com/media/catalog/product/h/t/httpphpstack-143539-415191.cloudwaysapps.commedia6028104400223.jpg,Rs 95 | Exact price: 95.0000 PKR,,false,7,,1,https://hummart.com/rossmor-baking-powder-fancy-jar-100-gm.html
Rossmor Edible Gelatine,Baking Ingredients,50 gm,Rossmor,HumMart,Pakistan,Yes,3 Day Return and Exchange,Not Applicable,https://hummart.com/media/catalog/product/h/t/httpphpstack-143539-415191.cloudwaysapps.commedia6012014305020.jpg,Rs 129 | Exact price: 129.0000 PKR,,false,35,,1,https://hummart.com/rossmor-edible-gelatine-50-gm.html
My Cook Cream Of Tartar,Baking Ingredients,85 gm,My Cook,HumMart,N/A,Yes,3 Day Return and Exchange,Not Applicable,https://hummart.com/media/catalog/product/h/t/httpphpstack-143539-415191.cloudwaysapps.commedia6518932665272.jpg,Rs 44 | Exact price: 63.0000 PKR,44.0000,true,46,,1,https://hummart.com/my-cook-cream-of-tartar-85gm.html
Rafhan Banana Jelly,Noodles Sauces & Frozen Foods,80 gm,Rafhan,HumMart,Pakistan,Yes,3 Day Return and Exchange,Not Applicable,https://hummart.com/media/catalog/product/b/a/banana_jelly.jpg,Rs 70 | Exact price: 70.0000 PKR,,false,37,"With banana goodness in it, Rafhan jelly if fed alone would give your toddler that instant energy boost.",1,https://hummart.com/rafhan-banana-jelly-80-gm-1.html
Rafhan Mango Jelly,Noodles Sauces & Frozen Foods,80 gm,Rafhan,HumMart,Pakistan,Yes,3 Day Return and Exchange,Not Applicable,https://hummart.com/media/catalog/product/m/a/mango_jelly.jpg,Rs 65 | Exact price: 65.0000 PKR,,false,235,"High energy and fat free jelly that gives you right amount of mango feel all year round. May it be  mango season or not, Rafhan mango jelly is the answer to your mango-call!",1,https://hummart.com/rafhan-mango-jelly-80g.html
My Cook Rainbow Sprinkles Nonpareils,Baking Ingredients,85 gm,My Cook,HumMart,N/A,Yes,3 Day Return and Exchange,Not Applicable,https://hummart.com/media/catalog/product/h/t/httpphpstack-143539-415191.cloudwaysapps.commedia6518931938018.jpg,Rs 99 | Exact price: 99.0000 PKR,,false,40,,1,https://hummart.com/my-cook-rainbow-sprinkles-nonpareils-85gm.html
Rafhan Orange Jelly,Noodles Sauces & Frozen Foods,80 gm,Rafhan,HumMart,Pakistan,Yes,3 Day Return and Exchange,Not Applicable,https://hummart.com/media/catalog/product/o/r/orange_jelly.jpg,Rs 65 | Exact price: 65.0000 PKR,,false,31,"Trying out different flavours of jelly, Orange flavour is all that you need to satisfy your  slightly tart sweet cravings.",1,https://hummart.com/rafhan-orange-jelly-80-gm-1.html
